{
  "project_info": {
    "project_number": "498178017296",
    "firebase_url": "https://fir-f7007.firebaseio.com",
    "project_id": "fir-f7007",
    "storage_bucket": "fir-f7007.appspot.com"
  },
  "client": [
    {
      "client_info": {
        "mobilesdk_app_id": "1:498178017296:android:7b2edb64d9b443e8706295",
        "android_client_info": {
          "package_name": "com.example.firebase"
        }
      },
      "oauth_client": [
        {
          "client_id": "498178017296-n2cg10o8sbh4rjbp5krgjogc3pttgenr.apps.googleusercontent.com",
          "client_type": 3
        }
      ],
      "api_key": [
        {
          "current_key": "AIzaSyBVJGIZOd7aQwuYZrYzUFgTMkg0WMGlYxM"
        }
      ],
      "services": {
        "appinvite_service": {
          "other_platform_oauth_client": [
            {
              "client_id": "498178017296-n2cg10o8sbh4rjbp5krgjogc3pttgenr.apps.googleusercontent.com",
              "client_type": 3
            }
          ]
        }
      }
    }
  ],
  "configuration_version": "1"
}